{"cameraMode":{"drawMode":0,"name":"Shaded","section":"Shading Mode"},"sceneLighting":true,"audioPlay":false,"sceneViewState":{"m_AlwaysRefresh":false,"showFog":true,"showSkybox":true,"showFlares":true,"showImageEffects":true,"showParticleSystems":true,"showVisualEffectGraphs":true,"m_FxEnabled":true},"in2DMode":false,"pivot":{"x":-27.389972686767579,"y":7.107434272766113,"z":26.087263107299806},"rotation":{"x":-0.012083346024155617,"y":0.9742352962493897,"z":-0.21868613362312318,"w":-0.05383202061057091},"size":17.865779876708986,"orthographic":false}